id,strand_id,name,teacher_friendly_explanation,example_classroom_opportunities,display_order,is_active
literacy_listening_meaning,literacy_oracy,Listening for meaning,"Learners listen actively, identify key points and respond to spoken ideas.","Structured seminar|Peer explanation|Debate preparation",1,true
literacy_collaborative_discussion,literacy_oracy,Collaborative discussion,"Learners build on contributions and use talk to shape shared understanding.","Group enquiry roles|Think-pair-share|Project critique circle",2,true
literacy_presenting_information,literacy_oracy,Presenting information,"Learners organise and communicate information clearly for a chosen audience.","Short presentation|Podcast script|Exhibition talk",3,false
literacy_locating_information,literacy_reading,Locating information,"Learners find relevant details from texts, diagrams, sources and digital materials.","Source investigation|Information hunt|Research note taking",1,true
literacy_inference_deduction,literacy_reading,Inference and deduction,"Learners use evidence to read between the lines and justify interpretations.","Character evidence grid|Historical source inference|Scientific explanation reading",2,true
literacy_comparing_sources,literacy_reading,Comparing sources,"Learners compare viewpoints, reliability and purpose across sources.","News comparison|Primary and secondary source check|Website reliability review",3,true
literacy_planning_writing,literacy_writing,Planning writing,"Learners plan structure, content and sequence before producing written work.","Writing frame|Storyboard|Report plan",1,true
literacy_technical_accuracy,literacy_writing,Technical accuracy,"Learners edit spelling, punctuation, grammar and vocabulary choices.","Redrafting checklist|Peer editing|Subject vocabulary focus",2,true
literacy_audience_purpose,literacy_writing,Audience and purpose,"Learners adapt tone, register and form to suit the intended reader.","Campaign leaflet|Formal report|Museum label",3,true
numeracy_calculation,numeracy_number,Use of calculation,"Learners choose and apply calculations in meaningful subject contexts.","Budget comparison|Recipe scaling|Science formula practice",1,true
numeracy_estimating_checking,numeracy_number,Estimating and checking,"Learners estimate, check reasonableness and explain numerical decisions.","Approximate cost planning|Data sense check|Measurement prediction",2,true
numeracy_financial_contexts,numeracy_number,Financial contexts,"Learners apply number skills to money, value and financial decision-making.","Enterprise pricing|Household budget|Cost-benefit comparison",3,false
numeracy_time_scale,numeracy_measuring,Time and scale,"Learners use time, timelines, maps or scale to understand relationships.","Historical timeline|Map scale task|Training plan timings",1,true
numeracy_area_volume,numeracy_measuring,Area and volume,"Learners calculate, compare or reason with space, area and volume.","Garden design|Packaging system|Classroom layout",2,true
numeracy_interpreting_units,numeracy_measuring,Interpreting units,"Learners select and interpret units accurately across practical contexts.","Lab measurement|Recipe conversion|Material dimensions",3,false
numeracy_collecting_data,numeracy_data,Collecting data,"Learners gather data fairly and record it in usable forms.","Survey design|Fieldwork tally|Experiment results table",1,true
numeracy_representing_data,numeracy_data,Representing data,"Learners choose appropriate charts, tables or visual displays.","Infographic|Graph selection|Dashboard sketch",2,true
numeracy_interpreting_trends,numeracy_data,Interpreting trends,"Learners describe patterns, anomalies and relationships in data.","Climate trend discussion|Performance data story|Population graph analysis",3,true
numeracy_selecting_strategies,numeracy_reasoning,Selecting strategies,"Learners choose approaches and explain why they fit the problem.","Multi-step problem|Planning a route|Comparing solution methods",1,true
numeracy_justifying_decisions,numeracy_reasoning,Justifying decisions,"Learners use numbers to support conclusions and communicate reasoning.","Evidence-backed recommendation|Data-led argument|Estimate justification",2,true
numeracy_evaluating_accuracy,numeracy_reasoning,Evaluating accuracy,"Learners consider precision, uncertainty and reliability in numerical work.","Rounding discussion|Measurement error review|Graph scale critique",3,false
dcf_identity_wellbeing,dcf_citizenship,Identity and wellbeing,"Learners understand their digital identity and how online choices affect wellbeing.","Online profile discussion|Screen-time reflection|Digital footprint check",1,true
dcf_digital_rights,dcf_citizenship,Digital rights,"Learners recognise ownership, permission and responsible use of digital content.","Copyright check|Image permission task|Creative Commons review",2,true
dcf_online_behaviour,dcf_citizenship,Online behaviour,"Learners communicate respectfully and safely in digital spaces.","Comment protocol|Shared document etiquette|Online scenario sort",3,true
dcf_communication,dcf_collaborating,Communication,"Learners select appropriate digital communication tools and formats.","Email for audience|Video update|Class discussion board",1,true
dcf_collaboration,dcf_collaborating,Collaboration,"Learners use shared tools to co-create, review and improve work.","Shared slide deck|Collaborative planning board|Peer feedback document",2,true
dcf_storing_sharing,dcf_collaborating,Storing and sharing,"Learners organise, name and share digital files responsibly.","Folder structure|Version naming|Share settings check",3,false
dcf_planning_products,dcf_producing,Planning digital products,"Learners plan digital outputs with audience, purpose and success criteria in mind.","Storyboard|Wireframe|Production checklist",1,true
dcf_creating_content,dcf_producing,Creating digital content,"Learners combine media and tools to create purposeful digital outcomes.","Video explainer|Interactive poster|System portfolio",2,true
dcf_evaluating_outputs,dcf_producing,Evaluating outputs,"Learners review digital work against purpose and make improvements.","Usability review|Audience feedback|Iteration notes",3,true
dcf_problem_solving,dcf_data_thinking,Problem solving,"Learners break problems into steps and develop logical approaches.","Algorithm cards|Debugging routine|Process map",1,true
dcf_data_handling,dcf_data_thinking,Data handling,"Learners collect, structure and use data with digital tools.","Spreadsheet model|Database fields|Data cleaning task",2,true
dcf_modelling,dcf_data_thinking,Modelling,"Learners use digital models or simulations to test ideas.","What-if spreadsheet|Simulation variables|System behaviour model",3,false
cct_healthy_relationships,cct_rse,Healthy relationships,"Learners explore respect, consent, communication and wellbeing in age-appropriate ways.","Scenario discussion|Trusted adults map|Respectful language task",1,true
cct_rights_equity,cct_rse,Rights and equity,"Learners consider rights, fairness and inclusion in relationships and communities.","Rights charter|Equity case study|Class agreement",2,true
cct_personal_identity,cct_rse,Personal identity,"Learners reflect on identity, values and belonging.","Identity artwork|Reflective writing|Community interview",3,false
cct_voice_participation,cct_human_rights,Voice and participation,"Learners understand how people can participate and have their voices heard.","School council brief|Campaign design|Public consultation role-play",1,true
cct_fairness,cct_human_rights,Fairness,"Learners explore fair treatment and decision-making.","Resource allocation task|Justice debate|Case study review",2,true
cct_dignity,cct_human_rights,Dignity,"Learners consider dignity, respect and the rights of others.","Charter comparison|Ethical dilemma|Community values discussion",3,false
cct_identity,cct_diversity,Identity,"Learners explore identity as complex, personal and connected to community.","Identity map|Local voices project|Personal narrative",1,true
cct_culture_community,cct_diversity,Culture and community,"Learners investigate cultures, languages and communities in Wales and beyond.","Community research|Cultural celebration analysis|Place-name enquiry",2,true
cct_challenging_stereotypes,cct_diversity,Challenging stereotypes,"Learners identify stereotypes and consider how to challenge them.","Media analysis|Representation audit|Alternative narrative task",3,true
cct_pathways,cct_careers,Pathways,"Learners understand possible learning and career pathways.","Pathway map|Alumni profile|Options comparison",1,true
cct_workplace_skills,cct_careers,Workplace skills,"Learners identify transferable skills used in different roles.","Skills audit|Employer brief|Team role reflection",2,true
cct_future_planning,cct_careers,Future planning,"Learners connect current learning to future choices and aspirations.","Personal action plan|Careers interview|Goal review",3,false
